,y,a
0,2012-10-29,82488
1,2012-10-30,82647
2,2012-10-31,82792
3,2012-11-01,82900
4,2012-11-02,82984
5,2012-11-03,83079
6,2012-11-04,83237
7,2012-11-05,83408
8,2012-11-06,83579
9,2012-11-07,83727
10,2012-11-08,83856
11,2012-11-09,83985
12,2012-11-10,84088
13,2012-11-11,84282
14,2012-11-12,84468
15,2012-11-13,84587
16,2012-11-14,84905
17,2012-11-15,85178
18,2012-11-16,85321
19,2012-11-17,85631
20,2012-11-18,85765
21,2012-11-19,85909
22,2012-11-20,86059
23,2012-11-21,86276
24,2012-11-22,86414
25,2012-11-23,86538
26,2012-11-24,86697
27,2012-11-25,86864
28,2012-11-26,87021
29,2012-11-27,87147
30,2012-11-28,87292
31,2012-11-29,87433
32,2012-11-30,87542
33,2012-12-01,87671
34,2012-12-02,87885
35,2012-12-03,88123
36,2012-12-04,88257
37,2012-12-05,88412
38,2012-12-06,88585
39,2012-12-07,88706
40,2012-12-08,88845
41,2012-12-09,89103
42,2012-12-10,89327
43,2012-12-11,89487
44,2012-12-12,89626
45,2012-12-13,89743
46,2012-12-14,89850
47,2012-12-15,89975
48,2012-12-16,90115
49,2012-12-17,90264
50,2012-12-18,90350
51,2012-12-19,90505
52,2012-12-20,90609
53,2012-12-21,90697
54,2012-12-22,90820
55,2012-12-23,90990
56,2012-12-24,91129
57,2012-12-25,91299
58,2012-12-26,91529
59,2012-12-27,91748
60,2012-12-28,91910
61,2012-12-29,92077
62,2012-12-30,92242
63,2012-12-31,92364
64,2013-01-01,92549
65,2013-01-02,92727
66,2013-01-03,92954
67,2013-01-04,93153
68,2013-01-05,93315
69,2013-01-06,93517
70,2013-01-07,93728
71,2013-01-08,93958
72,2013-01-09,94120
73,2013-01-10,94301
74,2013-01-11,94451
75,2013-01-12,94667
76,2013-01-13,94880
77,2013-01-14,95043
78,2013-01-15,95226
79,2013-01-16,95414
80,2013-01-17,95596
81,2013-01-18,95728
82,2013-01-19,95901
83,2013-01-20,96133
84,2013-01-21,96321
85,2013-01-22,96484
86,2013-01-23,96689
87,2013-01-24,96935
88,2013-01-25,97088
89,2013-01-26,97260
90,2013-01-27,97456
91,2013-01-28,97624
92,2013-01-29,97819
93,2013-01-30,98039
94,2013-01-31,98279
95,2013-02-01,98412
96,2013-02-02,98540
97,2013-02-03,98718
98,2013-02-04,98940
99,2013-02-05,99144
100,2013-02-06,99339
101,2013-02-07,99515
102,2013-02-08,99637
103,2013-02-09,99814
104,2013-02-10,99975
105,2013-02-11,100247
106,2013-02-12,100456
107,2013-02-13,100679
108,2013-02-14,100826
109,2013-02-15,100971
110,2013-02-16,101104
111,2013-02-17,101295
112,2013-02-18,101489
113,2013-02-19,101702
114,2013-02-20,101891
115,2013-02-21,102090
116,2013-02-22,102227
117,2013-02-23,102377
118,2013-02-24,102545
119,2013-02-25,102756
120,2013-02-26,102941
121,2013-02-27,103132
122,2013-02-28,103264
123,2013-03-01,103458
124,2013-03-02,103618
125,2013-03-03,103868
126,2013-03-04,104043
127,2013-03-05,104330
128,2013-03-06,104543
129,2013-03-07,104720
130,2013-03-08,104851
131,2013-03-09,104976
132,2013-03-09,105153
133,2013-03-10,105294
134,2013-03-11,105436
135,2013-03-12,105829
136,2013-03-13,106095
137,2013-03-14,106280
138,2013-03-15,106458
139,2013-03-16,106675
140,2013-03-17,106889
141,2013-03-18,107056
142,2013-03-19,107229
143,2013-03-20,107382
144,2013-03-21,107561
145,2013-03-22,107715
146,2013-03-23,107870
147,2013-03-24,108044
148,2013-03-25,108215
149,2013-03-26,108466
150,2013-03-27,108655
151,2013-03-28,108800
152,2013-03-29,108946
153,2013-03-30,109086
154,2013-03-31,109290
155,2013-04-01,109495
156,2013-04-02,109849
157,2013-04-03,110100
158,2013-04-04,110303
159,2013-04-05,110528
160,2013-04-06,110697
161,2013-04-07,110936
162,2013-04-08,111168
163,2013-04-09,111504
164,2013-04-10,111762
165,2013-04-11,112002
166,2013-04-12,112183
167,2013-04-13,112368
168,2013-04-14,112642
169,2013-04-15,112852
170,2013-04-16,113040
171,2013-04-17,113246
172,2013-04-18,113426
173,2013-04-19,113535
174,2013-04-20,113671
175,2013-04-21,114028
176,2013-04-22,114335
177,2013-04-23,114828
178,2013-04-24,115299
179,2013-04-25,115604
180,2013-04-26,115903
181,2013-04-27,116133
182,2013-04-28,116480
183,2013-04-29,116709
184,2013-04-30,116957
185,2013-05-01,117304
186,2013-05-02,117545
187,2013-05-03,117725
188,2013-05-04,117898
189,2013-05-05,118094
190,2013-05-06,118310
191,2013-05-07,118496
192,2013-05-08,118831
193,2013-05-09,119102
194,2013-05-10,119303
195,2013-05-11,119554
196,2013-05-12,119875
197,2013-05-13,120202
198,2013-05-14,120484
199,2013-05-15,120765
200,2013-05-16,121033
201,2013-05-17,121236
202,2013-05-18,121454
203,2013-05-19,121721
204,2013-05-20,121977
205,2013-05-21,122208
206,2013-05-22,122396
207,2013-05-23,122592
208,2013-05-24,122772
209,2013-05-25,123106
210,2013-05-26,123349
211,2013-05-27,123581
212,2013-05-28,123810
213,2013-05-29,124054
214,2013-05-30,124268
215,2013-05-31,124476
216,2013-06-01,124687
217,2013-06-02,124974
218,2013-06-03,125212
219,2013-06-04,125422
220,2013-06-05,125617
221,2013-06-06,125832
222,2013-06-07,126082
223,2013-06-08,126326
224,2013-06-09,126559
225,2013-06-10,126732
226,2013-06-11,126949
227,2013-06-12,127197
228,2013-06-13,127375
229,2013-06-14,127495
230,2013-06-15,127673
231,2013-06-16,127902
232,2013-06-17,128119
233,2013-06-18,128404
234,2013-06-19,128683
235,2013-06-20,128936
236,2013-06-21,129104
237,2013-06-22,129293
238,2013-06-23,129522
239,2013-06-24,129723
240,2013-06-25,129907
241,2013-06-26,130180
242,2013-06-27,130423
243,2013-06-28,130592
244,2013-06-29,130743
245,2013-06-30,131088
246,2013-07-01,131364
247,2013-07-02,131585
248,2013-07-03,131799
249,2013-07-04,131944
250,2013-07-05,132084
251,2013-07-06,132222
252,2013-07-07,132500
253,2013-07-08,132749
254,2013-07-09,133024
255,2013-07-10,133207
256,2013-07-11,133405
257,2013-07-12,133560
258,2013-07-13,133716
259,2013-07-14,133962
260,2013-07-15,134206
261,2013-07-16,134423
262,2013-07-17,134724
263,2013-07-18,135048
264,2013-07-19,135246
265,2013-07-20,135469
266,2013-07-21,135710
267,2013-07-22,135926
268,2013-07-23,136174
269,2013-07-24,136418
270,2013-07-25,136627
271,2013-07-26,136829
272,2013-07-27,137002
273,2013-07-28,137277
274,2013-07-29,137511
275,2013-07-30,137738
276,2013-07-31,137953
277,2013-08-01,138172
278,2013-08-02,138353
279,2013-08-03,138555
280,2013-08-04,138799
281,2013-08-05,139021
282,2013-08-06,139268
283,2013-08-07,139506
284,2013-08-08,139689
285,2013-08-09,139872
286,2013-08-10,140056
287,2013-08-11,140307
288,2013-08-12,140489
289,2013-08-13,140715
290,2013-08-14,140942
291,2013-08-15,141152
292,2013-08-16,141857
293,2013-08-17,142286
294,2013-08-18,142621
295,2013-08-19,142909
296,2013-08-20,143238
297,2013-08-21,143513
298,2013-08-22,143760
299,2013-08-23,143945
300,2013-08-24,144169
301,2013-08-25,144397
302,2013-08-26,144649
303,2013-08-27,144926
304,2013-08-28,145188
305,2013-08-29,145440
306,2013-08-30,145660
307,2013-08-31,145895
308,2013-09-01,146339
309,2013-09-02,147185
310,2013-09-03,147758
311,2013-09-04,148012
312,2013-09-05,148168
313,2013-09-06,148410
314,2013-09-07,148562
315,2013-09-08,148719
316,2013-09-09,149158
317,2013-09-10,149583
318,2013-09-11,149879
319,2013-09-12,150091
320,2013-09-13,150258
321,2013-09-14,150474
322,2013-09-15,150704
323,2013-09-16,150913
324,2013-09-17,151149
325,2013-09-18,151409
326,2013-09-19,151570
327,2013-09-20,151703
328,2013-09-21,151827
329,2013-09-22,152074
330,2013-09-23,152244
331,2013-09-24,152373
332,2013-09-25,152552
333,2013-09-26,152698
334,2013-09-27,152812
335,2013-09-28,152952
336,2013-09-29,153118
337,2013-09-30,153309
338,2013-10-01,153510
339,2013-10-02,153722
340,2013-10-03,153900
341,2013-10-04,154036
342,2013-10-05,154176
343,2013-10-06,154384
344,2013-10-07,154548
345,2013-10-08,154692
346,2013-10-09,154834
347,2013-10-10,154981
348,2013-10-11,155157
349,2013-10-12,155345
350,2013-10-13,155492
351,2013-10-14,155639
352,2013-10-15,155894
353,2013-10-16,156112
354,2013-10-17,156264
355,2013-10-18,156434
356,2013-10-19,156686
357,2013-10-20,156909
358,2013-10-21,157152
359,2013-10-22,157384
360,2013-10-23,157722
361,2013-10-24,157966
362,2013-10-25,158117
363,2013-10-26,158374
364,2013-10-27,158635
365,2013-10-28,158843
366,2013-10-29,159012
367,2013-10-30,159195
368,2013-10-31,159331
369,2013-11-01,159445
370,2013-11-02,159659
371,2013-11-03,159878
372,2013-11-04,160056
373,2013-11-05,160256
374,2013-11-06,160562
375,2013-11-07,160768
376,2013-11-08,160892
377,2013-11-09,161071
378,2013-11-10,161296
379,2013-11-11,161483
380,2013-11-12,161647
381,2013-11-13,161901
382,2013-11-14,162124
383,2013-11-15,162296
384,2013-11-16,162423
385,2013-11-17,162570
386,2013-11-18,162722
387,2013-11-19,163075
388,2013-11-20,163324
389,2013-11-21,163456
390,2013-11-22,163573
391,2013-11-23,163727
392,2013-11-24,163932
393,2013-11-25,164133
394,2013-11-26,164338
395,2013-11-27,164513
396,2013-11-28,164635
397,2013-11-29,164757
398,2013-11-30,164990
399,2013-12-01,165255
400,2013-12-02,165429
401,2013-12-03,165608
402,2013-12-04,165876
403,2013-12-05,166084
404,2013-12-06,166629
405,2013-12-07,166971
406,2013-12-08,167249
407,2013-12-09,167439
408,2013-12-10,167676
409,2013-12-11,167900
410,2013-12-12,168085
411,2013-12-13,168213
412,2013-12-14,168409
413,2013-12-15,168679
414,2013-12-16,168951
415,2013-12-17,169156
416,2013-12-18,169325
417,2013-12-19,169479
418,2013-12-20,169634
419,2013-12-21,169855
420,2013-12-22,170060
421,2013-12-23,170261
422,2013-12-24,170431
423,2013-12-25,170866
424,2013-12-26,171231
425,2013-12-27,171479
426,2013-12-28,171678
427,2013-12-29,171945
428,2013-12-30,172132
429,2013-12-31,172293
430,2014-01-01,172578
431,2014-01-02,172837
432,2014-01-03,173070
433,2014-01-04,173329
434,2014-01-05,173658
435,2014-01-06,173915
436,2014-01-07,174149
437,2014-01-08,174402
438,2014-01-09,174621
439,2014-01-10,174848
440,2014-01-11,175131
441,2014-01-12,175440
442,2014-01-13,175786
443,2014-01-14,175984
444,2014-01-15,176180
445,2014-01-16,176361
446,2014-01-17,176507
447,2014-01-18,176729
448,2014-01-19,176996
449,2014-01-20,177236
450,2014-01-21,177458
451,2014-01-22,177736
452,2014-01-23,178008
453,2014-01-24,178200
454,2014-01-25,178395
455,2014-01-26,178633
456,2014-01-27,178838
457,2014-01-28,179083
458,2014-01-29,179338
459,2014-01-30,179584
460,2014-01-31,179744
461,2014-02-01,179953
462,2014-02-02,180135
463,2014-02-03,180409
464,2014-02-04,180685
465,2014-02-05,180941
466,2014-02-06,181114
467,2014-02-07,181258
468,2014-02-08,181535
469,2014-02-09,181817
470,2014-02-10,182036
471,2014-02-11,182272
472,2014-02-12,182504
473,2014-02-13,182664
474,2014-02-14,182867
475,2014-02-15,183075
476,2014-02-16,183310
477,2014-02-17,183527
478,2014-02-18,183865
479,2014-02-19,184159
480,2014-02-20,184584
481,2014-02-21,184910
482,2014-02-22,185115
483,2014-02-23,185329
484,2014-02-24,185571
485,2014-02-25,185860
486,2014-02-26,186191
487,2014-02-27,186451
488,2014-02-28,186646
489,2014-03-01,186860
490,2014-03-02,187111
491,2014-03-03,187342
492,2014-03-04,187552
493,2014-03-05,187807
494,2014-03-06,187993
495,2014-03-07,188127
496,2014-03-08,188286
497,2014-03-08,188519
498,2014-03-09,188598
499,2014-03-10,188678
500,2014-03-11,188866
501,2014-03-12,189111
502,2014-03-13,189299
503,2014-03-14,189437
504,2014-03-15,189638
505,2014-03-16,189968
506,2014-03-17,190159
507,2014-03-18,190344
508,2014-03-19,190623
509,2014-03-20,190830
510,2014-03-21,191021
511,2014-03-22,191350
512,2014-03-23,191728
513,2014-03-24,191950
514,2014-03-25,192183
515,2014-03-26,192427
516,2014-03-27,192588
517,2014-03-28,192744
518,2014-03-29,192951
519,2014-03-30,193222
520,2014-03-31,193421
521,2014-04-01,193696
522,2014-04-02,194044
523,2014-04-03,194305
524,2014-04-04,194472
525,2014-04-05,194655
526,2014-04-06,194920
527,2014-04-07,195144
528,2014-04-08,195465
529,2014-04-09,195796
530,2014-04-10,196052
531,2014-04-11,196217
532,2014-04-12,196388
533,2014-04-13,196745
534,2014-04-14,197017
535,2014-04-15,197254
536,2014-04-16,197614
537,2014-04-17,197891
538,2014-04-18,198070
539,2014-04-19,198319
540,2014-04-20,198648
541,2014-04-21,198997
542,2014-04-22,199404
543,2014-04-23,199741
544,2014-04-24,200035
545,2014-04-25,200464
546,2014-04-26,201012
547,2014-04-27,201464
548,2014-04-28,201759
549,2014-04-29,202180
550,2014-04-30,202529
551,2014-05-01,202846
552,2014-05-02,203040
553,2014-05-03,203255
554,2014-05-04,203527
555,2014-05-05,203790
556,2014-05-06,204037
557,2014-05-07,204414
558,2014-05-08,204672
559,2014-05-09,204948
560,2014-05-10,205268
561,2014-05-11,205646
562,2014-05-12,205921
563,2014-05-13,206189
564,2014-05-14,206406
565,2014-05-15,206644
566,2014-05-16,206887
567,2014-05-17,207187
568,2014-05-18,207432
569,2014-05-19,207663
570,2014-05-20,207883
571,2014-05-21,208116
572,2014-05-22,208361
573,2014-05-23,208573
574,2014-05-24,209053
575,2014-05-25,209373
576,2014-05-26,209653
577,2014-05-27,209917
578,2014-05-28,210261
579,2014-05-29,210542
580,2014-05-30,210750
581,2014-05-31,211060
582,2014-06-01,211512
583,2014-06-02,211876
584,2014-06-03,212225
585,2014-06-04,212652
586,2014-06-05,212978
587,2014-06-06,213296
588,2014-06-07,213680
589,2014-06-08,214223
590,2014-06-09,214669
591,2014-06-10,215268
592,2014-06-11,215951
593,2014-06-12,219574
594,2014-06-13,223486
595,2014-06-14,226024
596,2014-06-15,228206
597,2014-06-16,231431
598,2014-06-17,233302
599,2014-06-18,235194
600,2014-06-19,236366
601,2014-06-20,237268
602,2014-06-21,238253
603,2014-06-22,239838
604,2014-06-23,241028
605,2014-06-24,242245
606,2014-06-25,243064
607,2014-06-26,244437
608,2014-06-27,244785
609,2014-06-28,245545
610,2014-06-29,246644
611,2014-06-30,247344
612,2014-07-01,248561
613,2014-07-02,249089
614,2014-07-03,249337
615,2014-07-04,249920
616,2014-07-05,250595
617,2014-07-06,250984
618,2014-07-07,251295
619,2014-07-08,252745
620,2014-07-09,254064
621,2014-07-10,254421
622,2014-07-11,254689
623,2014-07-12,255120
624,2014-07-13,255946
625,2014-07-14,256273
626,2014-07-15,256472
627,2014-07-16,256634
628,2014-07-17,256716
629,2014-07-18,256828
630,2014-07-19,256901
631,2014-07-20,257121
632,2014-07-21,257357
633,2014-07-22,257601
634,2014-07-23,257768
635,2014-07-24,257981
636,2014-07-25,258186
637,2014-07-26,258373
638,2014-07-27,258645
639,2014-07-28,258943
640,2014-07-29,259245
641,2014-07-30,259621
642,2014-07-31,259951
643,2014-08-01,260215
644,2014-08-02,260518
645,2014-08-03,260860
646,2014-08-04,261198
647,2014-08-05,261531
648,2014-08-06,261834
649,2014-08-07,262370
650,2014-08-08,262649
651,2014-08-09,262913
652,2014-08-10,263282
653,2014-08-11,263791
654,2014-08-12,264144
655,2014-08-13,264547
656,2014-08-14,264754
657,2014-08-15,264964
658,2014-08-16,265445
659,2014-08-17,265895
660,2014-08-18,266430
661,2014-08-19,266798
662,2014-08-20,267149
663,2014-08-21,267432
664,2014-08-22,267770
665,2014-08-23,268120
666,2014-08-24,268429
667,2014-08-25,268833
668,2014-08-26,269265
669,2014-08-27,269682
670,2014-08-28,270101
671,2014-08-29,270397
672,2014-08-30,270747
673,2014-08-31,271204
674,2014-09-01,271763
675,2014-09-02,272225
676,2014-09-03,272570
677,2014-09-04,272922
678,2014-09-05,273225
679,2014-09-06,273513
680,2014-09-07,273795
681,2014-09-08,274129
682,2014-09-09,274429
683,2014-09-10,274658
684,2014-09-11,274854
685,2014-09-12,275055
686,2014-09-13,275314
687,2014-09-14,275666
688,2014-09-15,275970
689,2014-09-16,276325
690,2014-09-17,276728
691,2014-09-18,276917
692,2014-09-19,277089
693,2014-09-20,277382
694,2014-09-21,277817
695,2014-09-22,278145
696,2014-09-23,278462
697,2014-09-24,278764
698,2014-09-25,278997
699,2014-09-26,279164
700,2014-09-27,279414
701,2014-09-28,279687
702,2014-09-29,279955
703,2014-09-30,280215
704,2014-10-01,280452
705,2014-10-02,280721
706,2014-10-03,280883
707,2014-10-04,281093
708,2014-10-05,281392
709,2014-10-06,281723
710,2014-10-07,281954
711,2014-10-08,282172
712,2014-10-09,282348
713,2014-10-10,282524
714,2014-10-11,282756
715,2014-10-12,282944
716,2014-10-13,283150
717,2014-10-14,283420
718,2014-10-15,283675
719,2014-10-16,283949
720,2014-10-17,284131
721,2014-10-18,284493
722,2014-10-19,284881
723,2014-10-20,285191
724,2014-10-21,285615
725,2014-10-22,285978
726,2014-10-23,286299
727,2014-10-24,286517
728,2014-10-25,286820
729,2014-10-26,287190
730,2014-10-27,287449
731,2014-10-28,287703
732,2014-10-29,287984
733,2014-10-30,288201
734,2014-10-31,288364
735,2014-11-01,288695
736,2014-11-02,289039
737,2014-11-03,289380
738,2014-11-04,289662
739,2014-11-05,290009
740,2014-11-06,290256
741,2014-11-07,290430
742,2014-11-08,290692
743,2014-11-09,291013
744,2014-11-10,291283
745,2014-11-11,291577
746,2014-11-12,291916
747,2014-11-13,292179
748,2014-11-14,292429
749,2014-11-15,292712
750,2014-11-16,293094
751,2014-11-17,293393
752,2014-11-18,293672
753,2014-11-19,293891
754,2014-11-20,294068
755,2014-11-21,294195
756,2014-11-22,294429
757,2014-11-23,294785
758,2014-11-24,295083
759,2014-11-25,295360
760,2014-11-26,295582
761,2014-11-27,295797
762,2014-11-28,295962
763,2014-11-29,296187
764,2014-11-30,296456
765,2014-12-01,296723
766,2014-12-02,296946
767,2014-12-03,297155
768,2014-12-04,297322
769,2014-12-05,297525
770,2014-12-06,297774
771,2014-12-07,298090
772,2014-12-08,298334
773,2014-12-09,298531
774,2014-12-10,298794
775,2014-12-11,298992
776,2014-12-12,299162
777,2014-12-13,299370
778,2014-12-14,299586
779,2014-12-15,299872
780,2014-12-16,300156
781,2014-12-17,300533
782,2014-12-18,300795
783,2014-12-19,300967
784,2014-12-20,301177
785,2014-12-21,301455
786,2014-12-22,301719
787,2014-12-23,301890
788,2014-12-24,302038
789,2014-12-25,302213
790,2014-12-26,302474
791,2014-12-27,302663
792,2014-12-28,302959
793,2014-12-29,303223
794,2014-12-30,303476
795,2014-12-31,303662
796,2015-01-01,304005
797,2015-01-02,304278
798,2015-01-03,304565
799,2015-01-04,304918
800,2015-01-05,305188
801,2015-01-06,305472
802,2015-01-07,305791
803,2015-01-08,306081
804,2015-01-09,306353
805,2015-01-10,306662
806,2015-01-11,307039
807,2015-01-12,307383
808,2015-01-13,307667
809,2015-01-14,307931
810,2015-01-15,308260
811,2015-01-16,308485
812,2015-01-17,308756
813,2015-01-18,309086
814,2015-01-19,309384
815,2015-01-20,309643
816,2015-01-21,309955
817,2015-01-22,310240
818,2015-01-23,310489
819,2015-01-24,310803
820,2015-01-25,311103
821,2015-01-26,311393
822,2015-01-27,311660
823,2015-01-28,312045
824,2015-01-29,312346
825,2015-01-30,312578
826,2015-01-31,312957
827,2015-02-01,313354
828,2015-02-02,313592
829,2015-02-03,313807
830,2015-02-04,314067
831,2015-02-05,314316
832,2015-02-06,314507
833,2015-02-07,314862
834,2015-02-08,315273
835,2015-02-09,315577
836,2015-02-10,315926
837,2015-02-11,316178
838,2015-02-12,316370
839,2015-02-13,316570
840,2015-02-14,316789
841,2015-02-15,317165
842,2015-02-16,317473
843,2015-02-17,317837
844,2015-02-18,318151
845,2015-02-19,318467
846,2015-02-20,318738
847,2015-02-21,319033
848,2015-02-22,319479
849,2015-02-23,319832
850,2015-02-24,320270
851,2015-02-25,320654
852,2015-02-26,320979
853,2015-02-27,321173
854,2015-02-28,321415
855,2015-03-01,321886
856,2015-03-02,322216
857,2015-03-03,322514
858,2015-03-04,322811
859,2015-03-05,323093
860,2015-03-06,323281
861,2015-03-07,323518
862,2015-03-07,323847
863,2015-03-08,324012
864,2015-03-09,324178
865,2015-03-10,324521
866,2015-03-11,325075
867,2015-03-12,325449
868,2015-03-13,325719
869,2015-03-14,326052
870,2015-03-15,326489
871,2015-03-16,326819
872,2015-03-17,327303
873,2015-03-18,327652
874,2015-03-19,327971
875,2015-03-20,328243
876,2015-03-21,328517
877,2015-03-22,329170
878,2015-03-23,329605
879,2015-03-24,329930
880,2015-03-25,330244
881,2015-03-26,330516
882,2015-03-27,330777
883,2015-03-28,331080
884,2015-03-29,331440
885,2015-03-30,331701
886,2015-03-31,331994
887,2015-04-01,332245
888,2015-04-02,332503
889,2015-04-03,332714
890,2015-04-04,333287
891,2015-04-05,333708
892,2015-04-06,334055
893,2015-04-07,334380
894,2015-04-08,334712
895,2015-04-09,334970
896,2015-04-10,335235
897,2015-04-11,335474
898,2015-04-12,335859
899,2015-04-13,336135
900,2015-04-14,336425
901,2015-04-15,336836
902,2015-04-16,337128
903,2015-04-17,337338
904,2015-04-18,337609
905,2015-04-19,337914
906,2015-04-20,338188
907,2015-04-21,338528
908,2015-04-22,338872
909,2015-04-23,339134
910,2015-04-24,339391
911,2015-04-25,339654
912,2015-04-26,339994
913,2015-04-27,340319
914,2015-04-28,340627
915,2015-04-29,340950
916,2015-04-30,341170
917,2015-05-01,341325
918,2015-05-02,341543
919,2015-05-03,341795
920,2015-05-04,342099
921,2015-05-05,342415
922,2015-05-06,343051
923,2015-05-07,343503
924,2015-05-08,343788
925,2015-05-09,344060
926,2015-05-10,344345
927,2015-05-11,344619
928,2015-05-12,344945
929,2015-05-13,345387
930,2015-05-14,345705
931,2015-05-15,345955
932,2015-05-16,346247
933,2015-05-17,346665
934,2015-05-18,347016
935,2015-05-19,347334
936,2015-05-20,347577
937,2015-05-21,347790
938,2015-05-22,347966
939,2015-05-23,348131
940,2015-05-24,348436
941,2015-05-25,348821
942,2015-05-26,349183
943,2015-05-27,349819
944,2015-05-28,350295
945,2015-05-29,350688
946,2015-05-30,351156
947,2015-05-31,351556
948,2015-06-01,351936
949,2015-06-02,352506
950,2015-06-03,352859
951,2015-06-04,353166
952,2015-06-05,353498
953,2015-06-06,353959
954,2015-06-07,354378
955,2015-06-08,354799
956,2015-06-09,355159
957,2015-06-10,355617
958,2015-06-11,356084
959,2015-06-12,356388
960,2015-06-13,356664
961,2015-06-14,357061
962,2015-06-15,357321
963,2015-06-16,357597
964,2015-06-17,357911
965,2015-06-18,358168
966,2015-06-19,358390
967,2015-06-20,358672
968,2015-06-21,358957
969,2015-06-22,359216
970,2015-06-23,359494
971,2015-06-24,359794
972,2015-06-25,360064
973,2015-06-26,360341
974,2015-06-27,360598
975,2015-06-28,360946
976,2015-06-29,361227
977,2015-06-30,361638
978,2015-07-01,362026
979,2015-07-02,362411
980,2015-07-03,362757
981,2015-07-04,363093
982,2015-07-05,363814
983,2015-07-06,364254
984,2015-07-07,364689
985,2015-07-08,365096
986,2015-07-09,365386
987,2015-07-10,365756
988,2015-07-11,366147
989,2015-07-12,366587
990,2015-07-13,366975
991,2015-07-14,367354
992,2015-07-15,367680
993,2015-07-16,368060
994,2015-07-17,368334
995,2015-07-18,368617
996,2015-07-19,369001
997,2015-07-20,369371
998,2015-07-21,369751
999,2015-07-22,370311
1000,2015-07-23,370703
1001,2015-07-24,371075
1002,2015-07-25,371357
1003,2015-07-26,371707
1004,2015-07-27,372037
1005,2015-07-28,372393
1006,2015-07-29,372828
1007,2015-07-30,373099
1008,2015-07-31,373320
1009,2015-08-01,373530
1010,2015-08-02,373878
1011,2015-08-03,374163
1012,2015-08-04,374463
1013,2015-08-05,374799
1014,2015-08-06,375148
1015,2015-08-07,375435
1016,2015-08-08,375793
1017,2015-08-09,376259
1018,2015-08-10,376575
1019,2015-08-11,376962
1020,2015-08-12,377339
1021,2015-08-13,377635
1022,2015-08-14,377870
1023,2015-08-15,378187
1024,2015-08-16,378581
1025,2015-08-17,378925
1026,2015-08-18,379306
1027,2015-08-19,379687
1028,2015-08-20,379972
1029,2015-08-21,380199
1030,2015-08-22,380477
1031,2015-08-23,380844
1032,2015-08-24,381183
1033,2015-08-25,381483
1034,2015-08-26,381730
1035,2015-08-27,381999
1036,2015-08-28,382242
1037,2015-08-29,382583
1038,2015-08-30,382967
1039,2015-08-31,383367
1040,2015-09-01,383751
1041,2015-09-02,384020
1042,2015-09-03,384289
1043,2015-09-04,384558
1044,2015-09-05,384740
1045,2015-09-06,385034
1046,2015-09-07,385247
1047,2015-09-08,385537
1048,2015-09-09,385757
1049,2015-09-10,385925
1050,2015-09-11,386131
1051,2015-09-12,386514
1052,2015-09-13,386855
1053,2015-09-14,387122
1054,2015-09-15,387472
1055,2015-09-16,387854
1056,2015-09-17,388148
1057,2015-09-18,388327
1058,2015-09-19,388605
1059,2015-09-20,388898
1060,2015-09-21,389128
1061,2015-09-22,389594
1062,2015-09-23,389977
1063,2015-09-24,390207
1064,2015-09-25,390364
1065,2015-09-26,390651
1066,2015-09-27,390889
1067,2015-09-28,391121
1068,2015-09-29,391356
1069,2015-09-30,391624
1070,2015-10-01,391874
1071,2015-10-02,392013
1072,2015-10-03,392266
1073,2015-10-04,392771
1074,2015-10-05,393095
1075,2015-10-06,393318
1076,2015-10-07,393510
1077,2015-10-08,393778
1078,2015-10-09,394013
1079,2015-10-10,394292
1080,2015-10-11,394573
1081,2015-10-12,394767
1082,2015-10-13,395084
1083,2015-10-14,395329
1084,2015-10-15,395501
1085,2015-10-16,395635
1086,2015-10-17,395845
1087,2015-10-18,396091
1088,2015-10-19,396300
1089,2015-10-20,396592
1090,2015-10-21,396808
1091,2015-10-22,397020
1092,2015-10-23,397183
1093,2015-10-24,397443
1094,2015-10-25,397711
1095,2015-10-26,397967
1096,2015-10-27,398209
1097,2015-10-28,398441
1098,2015-10-29,398621
1099,2015-10-30,398784
1100,2015-10-31,399054
1101,2015-11-01,399347
1102,2015-11-02,399618
1103,2015-11-03,399878
1104,2015-11-04,400201
1105,2015-11-05,400487
1106,2015-11-06,400692
1107,2015-11-07,400961
1108,2015-11-08,401379
1109,2015-11-09,401650
1110,2015-11-10,401860
1111,2015-11-11,402095
1112,2015-11-12,402322
1113,2015-11-13,402559
1114,2015-11-14,402831
1115,2015-11-15,403109
1116,2015-11-16,403326
1117,2015-11-17,403679
1118,2015-11-18,403905
1119,2015-11-19,404126
1120,2015-11-20,404342
1121,2015-11-21,404713
1122,2015-11-22,405003
1123,2015-11-23,405289
1124,2015-11-24,405619
1125,2015-11-25,405899
1126,2015-11-26,406139
1127,2015-11-27,406336
1128,2015-11-28,406700
1129,2015-11-29,406997
1130,2015-11-30,407245
1131,2015-12-01,407593
1132,2015-12-02,407873
1133,2015-12-03,408109
1134,2015-12-04,408337
1135,2015-12-05,408649
1136,2015-12-06,409059
1137,2015-12-07,409304
1138,2015-12-08,409596
1139,2015-12-09,409900
1140,2015-12-10,410168
1141,2015-12-11,410332
1142,2015-12-12,410554
1143,2015-12-13,410831
1144,2015-12-14,411206
1145,2015-12-15,410371
1146,2015-12-16,409531
1147,2015-12-17,408775
1148,2015-12-18,408123
1149,2015-12-19,407516
1150,2015-12-20,406879
1151,2015-12-21,406199
1152,2015-12-22,405557
1153,2015-12-23,404921
1154,2015-12-24,404197
1155,2015-12-25,403454
1156,2015-12-26,402944
1157,2015-12-27,402357
1158,2015-12-28,401876
1159,2015-12-29,401366
1160,2015-12-30,400816
1161,2015-12-31,400403
1162,2016-01-01,400036
1163,2016-01-02,399878
1164,2016-01-03,399709
1165,2016-01-04,399647
1166,2016-01-05,399540
1167,2016-01-06,399895
1168,2016-01-07,400159
1169,2016-01-08,400418
1170,2016-01-09,400677
1171,2016-01-10,400980
1172,2016-01-11,401325
1173,2016-01-12,401646
1174,2016-01-13,401892
1175,2016-01-14,402181
1176,2016-01-15,402400
1177,2016-01-16,402649
1178,2016-01-17,402925
1179,2016-01-18,403198
1180,2016-01-19,403395
1181,2016-01-20,403654
1182,2016-01-21,403874
1183,2016-01-22,404074
1184,2016-01-23,404429
1185,2016-01-24,404741
1186,2016-01-25,405058
1187,2016-01-26,405343
1188,2016-01-27,405605
1189,2016-01-28,405832
1190,2016-01-29,406002
1191,2016-01-30,406226
1192,2016-01-31,406551
1193,2016-02-01,406847
1194,2016-02-02,407228
1195,2016-02-03,407630
1196,2016-02-04,407923
1197,2016-02-05,408134
1198,2016-02-06,408525
1199,2016-02-07,408864
1200,2016-02-08,409099
1201,2016-02-09,409398
1202,2016-02-10,409649
1203,2016-02-11,409887
1204,2016-02-12,410087
1205,2016-02-13,410304
1206,2016-02-14,410888
1207,2016-02-15,411283
1208,2016-02-16,411555
1209,2016-02-17,411926
1210,2016-02-18,412261
1211,2016-02-19,412538
1212,2016-02-20,412804
1213,2016-02-21,413095
1214,2016-02-22,413394
1215,2016-02-23,413779
1216,2016-02-24,414107
1217,2016-02-25,414419
1218,2016-02-26,414850
1219,2016-02-27,415133
1220,2016-02-28,415569
1221,2016-02-29,415868
1222,2016-03-01,416130
1223,2016-03-02,416355
1224,2016-03-03,416576
1225,2016-03-04,416715
1226,2016-03-05,417106
1227,2016-03-06,417409
1228,2016-03-07,417648
1229,2016-03-08,417854
1230,2016-03-09,418146
1231,2016-03-10,418371
1232,2016-03-11,418594
1233,2016-03-12,418894
1234,2016-03-12,419231
1235,2016-03-13,419399
1236,2016-03-14,419567
1237,2016-03-15,419812
1238,2016-03-16,420233
1239,2016-03-17,420625
1240,2016-03-18,420878
1241,2016-03-19,421120
1242,2016-03-20,421441
1243,2016-03-21,421683
1244,2016-03-22,421999
1245,2016-03-23,422174
1246,2016-03-24,422451
1247,2016-03-25,422653
1248,2016-03-26,423019
1249,2016-03-27,423281
1250,2016-03-28,423509
1251,2016-03-29,423867
1252,2016-03-30,424090
1253,2016-03-31,424318
1254,2016-04-01,424577
1255,2016-04-02,424984
1256,2016-04-03,425415
1257,2016-04-04,425690
1258,2016-04-05,426011
1259,2016-04-06,426420
1260,2016-04-07,427067
1261,2016-04-08,427473
1262,2016-04-09,427867
1263,2016-04-10,428437
1264,2016-04-11,428806
1265,2016-04-12,429404
1266,2016-04-13,429936
1267,2016-04-14,430444
1268,2016-04-15,430799
1269,2016-04-16,431164
1270,2016-04-17,431658
1271,2016-04-18,432049
1272,2016-04-19,432391
1273,2016-04-20,432741
1274,2016-04-21,433035
1275,2016-04-22,433244
1276,2016-04-23,433692
1277,2016-04-24,434107
1278,2016-04-25,434453
1279,2016-04-26,434849
1280,2016-04-27,435291
1281,2016-04-28,435620
1282,2016-04-29,435851
1283,2016-04-30,436139
1284,2016-05-01,436614
1285,2016-05-02,437490
1286,2016-05-03,438075
1287,2016-05-04,438460
1288,2016-05-05,438836
1289,2016-05-06,439131
1290,2016-05-07,439483
1291,2016-05-08,439851
1292,2016-05-09,440127
1293,2016-05-10,440500
1294,2016-05-11,440838
1295,2016-05-12,441170
1296,2016-05-13,441416
1297,2016-05-14,441722
1298,2016-05-15,442153
1299,2016-05-16,442537
1300,2016-05-17,442856
1301,2016-05-18,443185
1302,2016-05-19,443489
1303,2016-05-20,443717
1304,2016-05-21,444077
1305,2016-05-22,444460
1306,2016-05-23,444823
1307,2016-05-24,445132
1308,2016-05-25,445480
1309,2016-05-26,445843
1310,2016-05-27,446150
1311,2016-05-28,446713
1312,2016-05-29,447119
1313,2016-05-30,447478
1314,2016-05-31,447847
1315,2016-06-01,448198
1316,2016-06-02,448584
1317,2016-06-03,448992
1318,2016-06-04,449453
1319,2016-06-05,449930
1320,2016-06-06,450366
1321,2016-06-07,450849
1322,2016-06-08,451305
1323,2016-06-09,451857
1324,2016-06-10,452864
1325,2016-06-11,454298
1326,2016-06-12,455879
1327,2016-06-13,457118
1328,2016-06-14,458291
1329,2016-06-15,459270
1330,2016-06-16,460674
1331,2016-06-17,461683
1332,2016-06-18,462713
1333,2016-06-19,463585
1334,2016-06-20,464156
1335,2016-06-21,465203
1336,2016-06-22,466618
1337,2016-06-23,467187
1338,2016-06-24,467557
1339,2016-06-25,468503
1340,2016-06-26,469670
1341,2016-06-27,471548
1342,2016-06-28,472263
1343,2016-06-29,472663
1344,2016-06-30,473418
1345,2016-07-01,474173
1346,2016-07-02,474928
1347,2016-07-03,475683
1348,2016-07-04,476438
1349,2016-07-05,477193
1350,2016-07-06,477952
1351,2016-07-07,478097
1352,2016-07-08,478441
1353,2016-07-09,478751
1354,2016-07-10,479629
1355,2016-07-11,480095
1356,2016-07-12,480342
1357,2016-07-13,480638
1358,2016-07-14,480842
1359,2016-07-15,481050
1360,2016-07-16,481240
1361,2016-07-17,481496
1362,2016-07-18,481729
1363,2016-07-19,482036
1364,2016-07-20,482380
1365,2016-07-21,482739
1366,2016-07-22,483037
1367,2016-07-23,483322
1368,2016-07-24,483620
1369,2016-07-25,483932
1370,2016-07-26,484276
1371,2016-07-27,484667
1372,2016-07-28,485027
1373,2016-07-29,485352
1374,2016-07-30,485743
1375,2016-07-31,486076
1376,2016-08-01,486399
1377,2016-08-02,486683
1378,2016-08-03,487038
1379,2016-08-04,487360
1380,2016-08-05,487635
1381,2016-08-06,487922
1382,2016-08-07,488336
1383,2016-08-08,488675
1384,2016-08-09,489033
1385,2016-08-10,489407
1386,2016-08-11,489698
1387,2016-08-12,490025
1388,2016-08-13,490435
1389,2016-08-14,490902
1390,2016-08-15,491297
1391,2016-08-16,491630
1392,2016-08-17,492043
1393,2016-08-18,492420
1394,2016-08-19,492785
1395,2016-08-20,493291
1396,2016-08-21,493701
1397,2016-08-22,494047
1398,2016-08-23,494360
1399,2016-08-24,494593
1400,2016-08-25,494910
1401,2016-08-26,495207
1402,2016-08-27,495628
1403,2016-08-28,495994
1404,2016-08-29,496354
1405,2016-08-30,496721
1406,2016-08-31,497348
1407,2016-09-01,497495
1408,2016-09-02,497786
1409,2016-09-03,497935
1410,2016-09-04,498220
1411,2016-09-05,498502
1412,2016-09-06,498801
1413,2016-09-07,499086
1414,2016-09-08,499363
1415,2016-09-09,499567
1416,2016-09-10,499994
1417,2016-09-11,500512
1418,2016-09-12,500769
1419,2016-09-13,501117
1420,2016-09-14,501509
1421,2016-09-15,501788
1422,2016-09-16,502096
1423,2016-09-17,502470
1424,2016-09-18,502886
1425,2016-09-19,503169
1426,2016-09-20,503487
1427,2016-09-21,504295
1428,2016-09-22,505586
1429,2016-09-23,505784
1430,2016-09-24,506227
1431,2016-09-25,506531
1432,2016-09-26,506793
1433,2016-09-27,507146
1434,2016-09-28,507527
1435,2016-09-29,507835
1436,2016-09-30,508076
1437,2016-10-01,508279
1438,2016-10-02,508626
1439,2016-10-03,508894
1440,2016-10-04,509100
1441,2016-10-05,509341
1442,2016-10-06,509599
1443,2016-10-07,509805
1444,2016-10-08,510053
1445,2016-10-09,510273
1446,2016-10-10,510501
1447,2016-10-11,510740
1448,2016-10-12,510965
1449,2016-10-13,511202
1450,2016-10-14,511530
1451,2016-10-15,512022
1452,2016-10-16,512450
1453,2016-10-17,512953
1454,2016-10-18,513456
1455,2016-10-19,513959
1456,2016-10-20,514462
1457,2016-10-21,514965
1458,2016-10-22,515468
1459,2016-10-23,515971
1460,2016-10-24,516474
1461,2016-10-25,516960
1462,2016-10-26,517446
1463,2016-10-27,517932
1464,2016-10-28,518418
1465,2016-10-29,518904
1466,2016-10-30,519390
1467,2016-10-31,519876
1468,2016-11-01,520362
1469,2016-11-02,520848
1470,2016-11-03,521334
1471,2016-11-04,521820
1472,2016-11-05,522306
1473,2016-11-06,522792
1474,2016-11-07,523291
1475,2016-11-08,523669
1476,2016-11-09,524047
1477,2016-11-10,524427
1478,2016-11-11,524888
1479,2016-11-12,525227
1480,2016-11-13,525700
1481,2016-11-14,526144
1482,2016-11-15,526589
1483,2016-11-16,527106
1484,2016-11-17,527525
1485,2016-11-18,528113
1486,2016-11-19,528547
1487,2016-11-20,528981
1488,2016-11-21,529542
1489,2016-11-22,530104
1490,2016-11-23,530484
1491,2016-11-24,530864
1492,2016-11-25,531290
1493,2016-11-26,531716
1494,2016-11-27,532143
1495,2016-11-28,532739
1496,2016-11-29,533335
1497,2016-11-30,534124
1498,2016-12-01,534637
1499,2016-12-02,535150
1500,2016-12-03,535663
1501,2016-12-04,536176
1502,2016-12-05,536555
1503,2016-12-06,537047
1504,2016-12-07,537539
1505,2016-12-08,538031
1506,2016-12-09,538523
1507,2016-12-10,539015
1508,2016-12-11,539507
1509,2016-12-12,539999
1510,2016-12-13,540491
1511,2016-12-14,540983
1512,2016-12-15,541475
1513,2016-12-16,541967
1514,2016-12-17,542459
1515,2016-12-18,542951
1516,2016-12-19,543443
1517,2016-12-20,543935
1518,2016-12-21,544427
1519,2016-12-22,544919
1520,2016-12-23,545411
1521,2016-12-24,545903
1522,2016-12-25,546395
1523,2016-12-26,546887
1524,2016-12-27,547379
1525,2016-12-28,547871
1526,2016-12-29,548363
1527,2016-12-30,548875
1528,2016-12-31,549401
1529,2017-01-01,550188
1530,2017-01-02,550900
1531,2017-01-03,551466
1532,2017-01-04,552061
1533,2017-01-05,552632
1534,2017-01-06,553122
1535,2017-01-07,553707
1536,2017-01-08,554284
1537,2017-01-09,554815
1538,2017-01-10,555371
1539,2017-01-11,555955
1540,2017-01-12,556444
1541,2017-01-13,556887
1542,2017-01-14,557485
1543,2017-01-15,558172
1544,2017-01-16,558735
1545,2017-01-17,559281
1546,2017-01-18,559809
1547,2017-01-19,560272
1548,2017-01-20,560736
1549,2017-01-21,561356
1550,2017-01-22,561979
1551,2017-01-23,562534
1552,2017-01-24,563042
1553,2017-01-25,563506
1554,2017-01-26,563988
1555,2017-01-27,564378
1556,2017-01-28,564831
1557,2017-01-29,565399
1558,2017-01-30,565865
1559,2017-01-31,566363
1560,2017-02-01,566896
1561,2017-02-02,567414
1562,2017-02-03,567808
1563,2017-02-04,568324
1564,2017-02-05,568886
1565,2017-02-06,569413
1566,2017-02-07,569878
1567,2017-02-08,570401
1568,2017-02-09,570801
1569,2017-02-10,571211
1570,2017-02-11,571600
1571,2017-02-12,572289
1572,2017-02-13,572733
1573,2017-02-14,573304
1574,2017-02-15,574206
1575,2017-02-16,575253
1576,2017-02-17,575681
1577,2017-02-18,576106
1578,2017-02-19,576559
1579,2017-02-20,577021
1580,2017-02-21,577603
1581,2017-02-22,578107
1582,2017-02-23,578663
1583,2017-02-24,579994
1584,2017-02-25,580550
1585,2017-02-26,581121
1586,2017-02-27,581638
1587,2017-02-28,582080
1588,2017-03-01,582551
1589,2017-03-02,582986
1590,2017-03-03,583359
1591,2017-03-04,583870
1592,2017-03-05,584412
1593,2017-03-06,584917
1594,2017-03-07,585561
1595,2017-03-08,586815
1596,2017-03-09,587488
1597,2017-03-10,587743
1598,2017-03-11,588033
1599,2017-03-11,588456
1600,2017-03-12,588602
1601,2017-03-13,588749
1602,2017-03-14,589075
1603,2017-03-15,589417
1604,2017-03-16,589696
1605,2017-03-17,590012
1606,2017-03-18,590269
1607,2017-03-19,590617
1608,2017-03-20,590898
1609,2017-03-21,591199
1610,2017-03-22,591540
1611,2017-03-23,591816
1612,2017-03-24,592129
1613,2017-03-25,592505
1614,2017-03-26,592815
1615,2017-03-27,593039
1616,2017-03-28,593399
1617,2017-03-29,593656
1618,2017-03-30,593913
1619,2017-03-31,594107
1620,2017-04-01,594424
1621,2017-04-02,594688
1622,2017-04-03,594898
1623,2017-04-04,595092
1624,2017-04-05,595363
1625,2017-04-06,595586
1626,2017-04-07,595799
1627,2017-04-08,596114
1628,2017-04-09,596421
1629,2017-04-10,596683
1630,2017-04-11,597212
1631,2017-04-12,597672
1632,2017-04-13,597986
1633,2017-04-14,598362
1634,2017-04-15,598731
1635,2017-04-16,599095
1636,2017-04-17,599449
1637,2017-04-18,600078
1638,2017-04-19,600594
1639,2017-04-20,600995
1640,2017-04-21,601289
1641,2017-04-22,601715
1642,2017-04-23,602597
1643,2017-04-24,603045
1644,2017-04-25,603424
1645,2017-04-26,603793
1646,2017-04-27,604156
1647,2017-04-28,604408
1648,2017-04-29,604709
1649,2017-04-30,605141
1650,2017-05-01,605583
1651,2017-05-02,606078
1652,2017-05-03,606528
1653,2017-05-04,606861
1654,2017-05-05,607078
1655,2017-05-06,607353
1656,2017-05-07,607685
1657,2017-05-08,607961
1658,2017-05-09,609131
1659,2017-05-10,611686
1660,2017-05-11,614357
1661,2017-05-12,616880
1662,2017-05-13,619562
1663,2017-05-14,622432
1664,2017-05-15,624968
1665,2017-05-16,627333
1666,2017-05-17,629823
1667,2017-05-18,632231
1668,2017-05-19,634331
1669,2017-05-20,636518
1670,2017-05-21,639497
1671,2017-05-22,642012
1672,2017-05-23,645327
1673,2017-05-24,648202
1674,2017-05-25,650603
1675,2017-05-26,652720
1676,2017-05-27,654925
1677,2017-05-28,657346
1678,2017-05-29,660030
1679,2017-05-30,662119
1680,2017-05-31,663336
1681,2017-06-01,664396
1682,2017-06-02,665308
1683,2017-06-03,666788
1684,2017-06-04,667965
1685,2017-06-05,669085
1686,2017-06-06,670150
1687,2017-06-07,671175
1688,2017-06-08,672154
1689,2017-06-09,673264
1690,2017-06-10,674325
1691,2017-06-11,675648
1692,2017-06-12,676778
1693,2017-06-13,677720
1694,2017-06-14,678668
1695,2017-06-15,679616
1696,2017-06-16,680688
1697,2017-06-17,681548
1698,2017-06-18,682719
1699,2017-06-19,683725
1700,2017-06-20,684681
1701,2017-06-21,685727
1702,2017-06-22,686667
1703,2017-06-23,687549
1704,2017-06-24,688549
1705,2017-06-25,689493
1706,2017-06-26,690336
1707,2017-06-27,691018
1708,2017-06-28,691761
1709,2017-06-29,692475
1710,2017-06-30,693059
1711,2017-07-01,693618
1712,2017-07-02,694365
1713,2017-07-03,695065
1714,2017-07-04,696392
1715,2017-07-05,697405
1716,2017-07-06,698228
1717,2017-07-07,698848
1718,2017-07-08,699652
1719,2017-07-09,700482
1720,2017-07-10,701172
1721,2017-07-11,701889
1722,2017-07-12,702499
1723,2017-07-13,703132
1724,2017-07-14,703765
1725,2017-07-15,704398
1726,2017-07-16,705031
1727,2017-07-17,705664
1728,2017-07-18,706297
1729,2017-07-19,706835
1730,2017-07-20,707430
1731,2017-07-21,708062
1732,2017-07-22,708788
1733,2017-07-23,709535
1734,2017-07-24,710214
1735,2017-07-25,710857
1736,2017-07-26,711624
1737,2017-07-27,712404
1738,2017-07-28,712975
1739,2017-07-29,713652
1740,2017-07-30,714329
1741,2017-07-31,714732
1742,2017-08-01,715305
1743,2017-08-02,716118
1744,2017-08-03,717183
1745,2017-08-04,717850
1746,2017-08-05,718476
1747,2017-08-06,719096
1748,2017-08-07,719641
1749,2017-08-08,720372
1750,2017-08-09,721019
1751,2017-08-10,721645
1752,2017-08-11,722466
1753,2017-08-12,723401
1754,2017-08-13,724521
1755,2017-08-14,725424
1756,2017-08-15,726100
1757,2017-08-16,726877
1758,2017-08-17,727550
1759,2017-08-18,728133
1760,2017-08-19,728963
1761,2017-08-20,729911
1762,2017-08-21,730630
1763,2017-08-22,731280
1764,2017-08-23,731964
1765,2017-08-24,732822
1766,2017-08-25,733495
1767,2017-08-26,734504
1768,2017-08-27,735358
1769,2017-08-28,736010
1770,2017-08-29,736719
1771,2017-08-30,737412
1772,2017-08-31,738501
1773,2017-09-01,739085
1774,2017-09-02,739656
1775,2017-09-03,740267
1776,2017-09-04,740882
1777,2017-09-05,741474
1778,2017-09-06,742267
1779,2017-09-07,743122
1780,2017-09-08,743772
1781,2017-09-09,744558
1782,2017-09-10,745319
1783,2017-09-11,745867
1784,2017-09-12,746507
1785,2017-09-13,747200
1786,2017-09-14,747877
1787,2017-09-15,748292
1788,2017-09-16,748855
1789,2017-09-17,749727
1790,2017-09-18,750252
1791,2017-09-19,750785
1792,2017-09-20,751342
1793,2017-09-21,751869
1794,2017-09-22,752275
1795,2017-09-23,752865
1796,2017-09-24,753460
1797,2017-09-25,754014
1798,2017-09-26,754656
1799,2017-09-27,755367
1800,2017-09-28,755911
1801,2017-09-29,756339
1802,2017-09-30,756903
1803,2017-10-01,757593
1804,2017-10-02,758069
1805,2017-10-03,758507
1806,2017-10-04,758927
1807,2017-10-05,759471
1808,2017-10-06,760052
1809,2017-10-07,760634
1810,2017-10-08,761350
1811,2017-10-09,762066
1812,2017-10-10,763111
1813,2017-10-11,764156
1814,2017-10-12,764552
1815,2017-10-13,764948
1816,2017-10-14,765591
1817,2017-10-15,766178
1818,2017-10-16,766672
1819,2017-10-17,767222
1820,2017-10-18,767866
1821,2017-10-19,768408
1822,2017-10-20,768964
1823,2017-10-21,769520
1824,2017-10-22,770078
1825,2017-10-23,770638
1826,2017-10-24,771184
1827,2017-10-25,771705
1828,2017-10-26,772141
1829,2017-10-27,772594
1830,2017-10-28,773116
1831,2017-10-29,773657
1832,2017-10-30,774101
1833,2017-10-31,774577
1834,2017-11-01,775233
1835,2017-11-02,775802
1836,2017-11-03,776311
1837,2017-11-04,777015
1838,2017-11-05,777719
1839,2017-11-06,778424
1840,2017-11-07,778978
1841,2017-11-08,779532
1842,2017-11-09,780086
1843,2017-11-10,780640
1844,2017-11-11,781194
1845,2017-11-12,781750
1846,2017-11-13,782799
1847,2017-11-14,783755
1848,2017-11-15,784658
1849,2017-11-16,785506
1850,2017-11-17,786054
1851,2017-11-18,786768
1852,2017-11-19,787503
1853,2017-11-20,788098
1854,2017-11-21,788742
1855,2017-11-22,789470
1856,2017-11-23,790014
1857,2017-11-24,790527
1858,2017-11-25,791183
1859,2017-11-26,792030
1860,2017-11-27,792624
1861,2017-11-28,793202
1862,2017-11-29,793894
1863,2017-11-30,794391
1864,2017-12-01,795040
1865,2017-12-02,795784
1866,2017-12-03,796441
1867,2017-12-04,796948
1868,2017-12-05,797497
1869,2017-12-06,798104
1870,2017-12-07,798786
1871,2017-12-08,799345
1872,2017-12-09,800105
1873,2017-12-10,801043
1874,2017-12-11,801762
1875,2017-12-12,802566
1876,2017-12-13,803296
1877,2017-12-14,803934
1878,2017-12-15,804598
1879,2017-12-16,805386
1880,2017-12-17,806249
1881,2017-12-18,807027
1882,2017-12-19,807769
1883,2017-12-20,808588
1884,2017-12-21,809276
1885,2017-12-22,809942
1886,2017-12-23,810920
1887,2017-12-24,811586
1888,2017-12-25,812254
1889,2017-12-26,813125
1890,2017-12-27,814031
1891,2017-12-28,814925
1892,2017-12-29,815737
1893,2017-12-30,816809
1894,2017-12-31,817696
1895,2018-01-01,818806
1896,2018-01-02,819793
1897,2018-01-03,820778
1898,2018-01-04,821840
1899,2018-01-05,822861
1900,2018-01-06,823985
1901,2018-01-07,825074
1902,2018-01-08,825991
1903,2018-01-09,826811
1904,2018-01-10,827682
1905,2018-01-11,828573
1906,2018-01-12,829531
1907,2018-01-13,830482
1908,2018-01-14,831849
1909,2018-01-15,832876
1910,2018-01-16,833864
1911,2018-01-17,834870
1912,2018-01-18,835808
1913,2018-01-19,836614
1914,2018-01-20,837560
1915,2018-01-21,838672
1916,2018-01-22,839646
1917,2018-01-23,840739
1918,2018-01-24,841833
1919,2018-01-25,842549
1920,2018-01-26,843192
1921,2018-01-27,843882
1922,2018-01-28,844653
1923,2018-01-29,845406
1924,2018-01-30,846248
1925,2018-01-31,847235
1926,2018-02-01,847940
1927,2018-02-02,848545
1928,2018-02-03,849268
1929,2018-02-04,850273
1930,2018-02-05,851038
1931,2018-02-06,851795
1932,2018-02-07,852502
1933,2018-02-08,853148
1934,2018-02-09,853748
1935,2018-02-10,854457
1936,2018-02-11,855383
1937,2018-02-12,856079
1938,2018-02-13,857035
1939,2018-02-14,857916
1940,2018-02-15,858569
1941,2018-02-16,859178
1942,2018-02-17,859744
1943,2018-02-18,860417
1944,2018-02-19,861144
1945,2018-02-20,862015
1946,2018-02-21,862822
1947,2018-02-22,863434
1948,2018-02-23,864072
1949,2018-02-24,864710
1950,2018-02-25,865348
1951,2018-02-26,865986
1952,2018-02-27,866624
1953,2018-02-28,867262
1954,2018-03-01,867900
1955,2018-03-02,868538
1956,2018-03-03,869176
1957,2018-03-04,870411
1958,2018-03-05,871743
1959,2018-03-06,873075
1960,2018-03-07,874407
1961,2018-03-08,875739
1962,2018-03-09,877071
1963,2018-03-10,878403
1964,2018-03-11,879735
1965,2018-03-12,881067
1966,2018-03-13,882399
1967,2018-03-14,883731
1968,2018-03-15,885063
1969,2018-03-16,886395
1970,2018-03-17,887727
1971,2018-03-18,889059
1972,2018-03-19,890391
1973,2018-03-20,891723
1974,2018-03-21,893055
1975,2018-03-22,894387
1976,2018-03-23,895719
1977,2018-03-24,897051
1978,2018-03-25,898383
1979,2018-03-26,899715
1980,2018-03-27,901047
1981,2018-03-28,902379
1982,2018-03-29,903711
1983,2018-03-30,905043
1984,2018-03-31,906375
1985,2018-04-01,907707
1986,2018-04-02,909039
1987,2018-04-03,910371
1988,2018-04-04,911703
1989,2018-04-05,913035
1990,2018-04-06,914367
1991,2018-04-07,915699
1992,2018-04-08,917031
1993,2018-04-09,918363
1994,2018-04-10,919695
1995,2018-04-11,921027
1996,2018-04-12,922359
1997,2018-04-13,923691
1998,2018-04-14,925023
1999,2018-04-15,926355
2000,2018-04-16,927687
2001,2018-04-17,929019
2002,2018-04-18,930351
2003,2018-04-19,931683
2004,2018-04-20,933015
2005,2018-04-21,934347
2006,2018-04-22,935679
2007,2018-04-23,937011
2008,2018-04-24,938343
2009,2018-04-25,939675
2010,2018-04-26,941007
2011,2018-04-27,942339
2012,2018-04-28,943671
2013,2018-04-29,945003
2014,2018-04-30,946335
2015,2018-05-01,947667
2016,2018-05-02,948999
2017,2018-05-03,950331
2018,2018-05-04,951663
2019,2018-05-05,952995
2020,2018-05-06,954327
2021,2018-05-07,955659
2022,2018-05-08,956991
2023,2018-05-09,958323
2024,2018-05-10,959655
2025,2018-05-11,960987
2026,2018-05-12,962319
2027,2018-05-13,963651
2028,2018-05-14,964983
2029,2018-05-15,966315
2030,2018-05-16,967647
2031,2018-05-17,968979
2032,2018-05-18,970311
2033,2018-05-19,971643
2034,2018-05-20,972975
2035,2018-05-21,974307
2036,2018-05-22,975639
2037,2018-05-23,976971
2038,2018-05-24,978303
2039,2018-05-25,979635
2040,2018-05-26,980967
2041,2018-05-27,982299
2042,2018-05-28,983631
2043,2018-05-29,984963
2044,2018-05-30,986295
2045,2018-05-31,987627
2046,2018-06-01,988959
2047,2018-06-02,990291
2048,2018-06-03,991623
2049,2018-06-04,992955
2050,2018-06-05,994287
2051,2018-06-06,995619
2052,2018-06-07,996951
2053,2018-06-08,998283
2054,2018-06-09,999615
2055,2018-06-10,1000947
2056,2018-06-11,1002279
2057,2018-06-12,1003611
2058,2018-06-13,1004943
2059,2018-06-14,1006275
2060,2018-06-15,1007607
2061,2018-06-16,1008939
2062,2018-06-17,1010271
2063,2018-06-18,1011603
2064,2018-06-19,1012935
2065,2018-06-20,1014267
2066,2018-06-21,1015599
2067,2018-06-22,1016931
2068,2018-06-23,1018263
2069,2018-06-24,1019595
2070,2018-06-25,1020927
2071,2018-06-26,1022259
2072,2018-06-27,1023591
2073,2018-06-28,1024923
2074,2018-06-29,1026255
2075,2018-06-30,1027587
2076,2018-07-01,1028919
2077,2018-07-02,1030251
2078,2018-07-03,1031583
2079,2018-07-04,1032915
2080,2018-07-05,1034247
2081,2018-07-06,1035579
2082,2018-07-07,1036911
2083,2018-07-08,1038243
2084,2018-07-09,1039575
2085,2018-07-10,1040907
2086,2018-07-11,1042239
2087,2018-07-12,1043571
2088,2018-07-13,1044903
2089,2018-07-14,1046235
2090,2018-07-15,1047567
2091,2018-07-16,1048899
2092,2018-07-17,1050231
2093,2018-07-18,1051563
2094,2018-07-19,1052895
2095,2018-07-20,1054227
2096,2018-07-21,1055559
2097,2018-07-22,1056891
2098,2018-07-23,1058223
2099,2018-07-24,1059555
2100,2018-07-25,1060887
2101,2018-07-26,1062219
2102,2018-07-27,1063551
2103,2018-07-28,1064883
2104,2018-07-29,1066215
2105,2018-07-30,1067547
2106,2018-07-31,1068879
2107,2018-08-01,1070211
2108,2018-08-02,1071543
2109,2018-08-03,1072875
2110,2018-08-04,1074207
2111,2018-08-05,1075539
2112,2018-08-06,1076871
2113,2018-08-07,1078203
2114,2018-08-08,1079535
2115,2018-08-09,1080867
2116,2018-08-10,1082199
2117,2018-08-11,1083531
2118,2018-08-12,1084863
2119,2018-08-13,1086195
2120,2018-08-14,1087527
2121,2018-08-15,1088859
2122,2018-08-16,1090191
2123,2018-08-17,1091523
2124,2018-08-18,1092855
2125,2018-08-19,1094187
2126,2018-08-20,1095519
2127,2018-08-21,1096851
2128,2018-08-22,1098183
2129,2018-08-23,1099515
2130,2018-08-24,1100847
2131,2018-08-25,1102179
2132,2018-08-26,1103511
2133,2018-08-27,1104843
2134,2018-08-28,1106175
2135,2018-08-29,1107507
2136,2018-08-30,1108839
2137,2018-08-31,1110171
2138,2018-09-01,1111503
2139,2018-09-02,1112835
2140,2018-09-03,1114167
2141,2018-09-04,1115499
2142,2018-09-05,1116831
2143,2018-09-06,1118163
2144,2018-09-07,1119495
2145,2018-09-08,1120827
2146,2018-09-09,1122159
2147,2018-09-10,1123491
2148,2018-09-11,1124823
2149,2018-09-12,1126155
2150,2018-09-13,1127487
2151,2018-09-14,1128819
2152,2018-09-15,1130151
2153,2018-09-16,1131483
2154,2018-09-17,1132815
2155,2018-09-18,1134147
2156,2018-09-19,1135479
2157,2018-09-20,1136811
2158,2018-09-21,1138143
2159,2018-09-22,1139475
2160,2018-09-23,1140807
2161,2018-09-24,1142139
2162,2018-09-25,1143471
2163,2018-09-26,1144803
2164,2018-09-27,1146135
2165,2018-09-28,1147467
2166,2018-09-29,1148799
2167,2018-09-30,1150131
2168,2018-10-01,1151463
2169,2018-10-02,1152795
2170,2018-10-03,1154127
2171,2018-10-04,1155459
2172,2018-10-05,1156791
2173,2018-10-06,1158123
2174,2018-10-07,1159455
2175,2018-10-08,1160787
2176,2018-10-09,1162119
2177,2018-10-10,1163451
2178,2018-10-11,1164783
2179,2018-10-12,1166115
2180,2018-10-13,1167447
2181,2018-10-14,1168779
2182,2018-10-15,1170111
2183,2018-10-16,1171443
2184,2018-10-17,1172775
2185,2018-10-18,1174107
2186,2018-10-19,1175439
2187,2018-10-20,1176771
2188,2018-10-21,1178103
2189,2018-10-22,1179435
2190,2018-10-23,1180767
2191,2018-10-24,1182099
2192,2018-10-25,1183431
2193,2018-10-26,1184763
2194,2018-10-27,1186095
2195,2018-10-28,1187427
2196,2018-10-29,1188759
2197,2018-10-30,1190091
2198,2018-10-31,1191423
2199,2018-11-01,1192755
2200,2018-11-02,1194087
2201,2018-11-03,1195419
2202,2018-11-04,1196751
2203,2018-11-05,1198083
2204,2018-11-06,1199415
2205,2018-11-07,1200747
2206,2018-11-08,1202079
2207,2018-11-09,1203411
2208,2018-11-10,1204743
2209,2018-11-11,1206075
2210,2018-11-12,1207407
2211,2018-11-13,1208739
2212,2018-11-14,1210071
2213,2018-11-15,1211403
2214,2018-11-16,1212735
2215,2018-11-17,1214067
2216,2018-11-18,1215399
2217,2018-11-19,1216731
2218,2018-11-20,1218063
2219,2018-11-21,1219395
2220,2018-11-22,1220727
2221,2018-11-23,1222059
2222,2018-11-24,1223391
2223,2018-11-25,1224723
2224,2018-11-26,1226055
2225,2018-11-27,1227387
2226,2018-11-28,1228719
2227,2018-11-29,1230051
2228,2018-11-30,1231383
2229,2018-12-01,1232715
2230,2018-12-02,1234047
2231,2018-12-03,1235379
2232,2018-12-04,1236711
2233,2018-12-05,1238043
2234,2018-12-06,1239375
2235,2018-12-07,1240707
2236,2018-12-08,1242039
2237,2018-12-09,1243371
2238,2018-12-10,1244703
2239,2018-12-11,1246035
2240,2018-12-12,1247367
2241,2018-12-13,1248699
2242,2018-12-14,1250031
2243,2018-12-15,1251363
2244,2018-12-16,1252695
2245,2018-12-17,1254027
2246,2018-12-18,1255359
2247,2018-12-19,1256691
2248,2018-12-20,1258023
2249,2018-12-21,1259355
2250,2018-12-22,1260687
2251,2018-12-23,1262019
2252,2018-12-24,1263351
2253,2018-12-25,1264683
2254,2018-12-26,1266015
2255,2018-12-27,1267347
2256,2018-12-28,1268679
2257,2018-12-29,1270011
2258,2018-12-30,1271343
2259,2018-12-31,1272675
2260,2019-01-01,1274007
2261,2019-01-02,1275339
2262,2019-01-03,1276671
2263,2019-01-04,1278003
2264,2019-01-05,1279335
2265,2019-01-06,1280667
2266,2019-01-07,1281999
2267,2019-01-08,1283331
2268,2019-01-09,1284663
2269,2019-01-10,1285995
2270,2019-01-11,1287327
2271,2019-01-12,1288659
2272,2019-01-13,1289991
2273,2019-01-14,1291538
2274,2019-01-15,1292558
2275,2019-01-16,1293578
2276,2019-01-17,1294599
2277,2019-01-18,1296124
2278,2019-01-19,1297649
2279,2019-01-20,1299174
2280,2019-01-21,1300699
2281,2019-01-22,1302224
2282,2019-01-23,1303749
2283,2019-01-24,1305274
2284,2019-01-25,1306799
2285,2019-01-26,1308324
2286,2019-01-27,1309849
2287,2019-01-28,1311374
2288,2019-01-29,1312899
2289,2019-01-30,1314424
2290,2019-01-31,1315949
2291,2019-02-01,1317474
2292,2019-02-02,1318999
2293,2019-02-03,1320524
2294,2019-02-04,1322049
2295,2019-02-05,1323574
2296,2019-02-06,1325099
2297,2019-02-07,1326624
2298,2019-02-08,1328149
2299,2019-02-09,1329674
2300,2019-02-10,1331199
2301,2019-02-11,1332724
2302,2019-02-12,1334249
2303,2019-02-13,1335774
2304,2019-02-14,1337299
2305,2019-02-15,1338824
2306,2019-02-16,1340349
2307,2019-02-17,1341874
2308,2019-02-18,1343399
2309,2019-02-19,1344924
2310,2019-02-20,1346449
2311,2019-02-21,1347974
2312,2019-02-22,1349499
2313,2019-02-23,1351024
2314,2019-02-24,1352549
2315,2019-02-25,1354074
2316,2019-02-26,1355599
2317,2019-02-27,1357124
2318,2019-02-28,1358649
2319,2019-03-01,1360174
2320,2019-03-02,1361699
2321,2019-03-03,1363224
2322,2019-03-04,1364749
2323,2019-03-05,1366274
2324,2019-03-06,1367799
2325,2019-03-07,1369324
2326,2019-03-08,1370849
2327,2019-03-09,1372374
2328,2019-03-10,1373899
2329,2019-03-11,1375424
2330,2019-03-12,1376949
2331,2019-03-13,1378474
2332,2019-03-14,1379999
2333,2019-03-15,1381524
2334,2019-03-16,1383049
2335,2019-03-17,1384574
2336,2019-03-18,1386099
2337,2019-03-19,1387624
2338,2019-03-20,1389149
2339,2019-03-21,1390674
2340,2019-03-22,1392199
2341,2019-03-23,1393724
2342,2019-03-24,1395249
2343,2019-03-25,1396774
2344,2019-03-26,1398299
2345,2019-03-27,1399824
2346,2019-03-28,1401349
2347,2019-03-29,1402874
2348,2019-03-30,1404399
2349,2019-03-31,1405924
2350,2019-04-01,1407449
2351,2019-04-02,1408974
2352,2019-04-03,1410499
2353,2019-04-04,1412024
2354,2019-04-05,1413549
2355,2019-04-06,1415074
2356,2019-04-07,1416599
2357,2019-04-08,1418124
2358,2019-04-09,1419649
2359,2019-04-10,1421174
2360,2019-04-11,1422699
2361,2019-04-12,1424224
2362,2019-04-13,1425749
2363,2019-04-14,1427274
2364,2019-04-15,1428799
2365,2019-04-16,1430324
2366,2019-04-17,1431849
2367,2019-04-18,1433374
2368,2019-04-19,1434899
2369,2019-04-20,1436424
2370,2019-04-21,1437949
2371,2019-04-22,1439474
2372,2019-04-23,1440999
2373,2019-04-24,1442524
2374,2019-04-25,1444049
2375,2019-04-26,1445574
2376,2019-04-27,1447099
2377,2019-04-28,1448624
2378,2019-04-29,1450149
2379,2019-04-30,1451674
2380,2019-05-01,1453199
2381,2019-05-02,1454724
2382,2019-05-03,1456249
2383,2019-05-04,1457774
2384,2019-05-05,1459299
2385,2019-05-06,1460824
2386,2019-05-07,1462349
2387,2019-05-08,1463874
2388,2019-05-09,1465399
2389,2019-05-10,1466924
2390,2019-05-11,1468449
2391,2019-05-12,1469974
2392,2019-05-13,1471499
2393,2019-05-14,1473024
2394,2019-05-15,1474549
2395,2019-05-16,1476074
2396,2019-05-17,1477599
2397,2019-05-18,1479124
2398,2019-05-19,1480649
2399,2019-05-20,1482174
2400,2019-05-21,1483699
2401,2019-05-22,1485224
2402,2019-05-23,1486749
2403,2019-05-24,1488274
2404,2019-05-25,1489799
2405,2019-05-26,1491324
2406,2019-05-27,1492849
2407,2019-05-28,1494374
2408,2019-05-29,1495899
2409,2019-05-30,1497424
2410,2019-05-31,1498949
2411,2019-06-01,1500474
2412,2019-06-02,1501999
2413,2019-06-03,1503524
2414,2019-06-04,1505049
2415,2019-06-05,1506574
2416,2019-06-06,1508099
2417,2019-06-07,1509624
2418,2019-06-08,1511149
2419,2019-06-09,1512674
2420,2019-06-10,1514199
2421,2019-06-11,1515724
2422,2019-06-12,1517315
2423,2019-06-13,1518658
2424,2019-06-14,1520001
2425,2019-06-15,1521344
2426,2019-06-16,1522687
2427,2019-06-17,1524030
2428,2019-06-18,1525373
2429,2019-06-19,1526716
2430,2019-06-20,1528059
2431,2019-06-21,1529402
2432,2019-06-22,1530745
2433,2019-06-23,1532088
2434,2019-06-24,1533431
2435,2019-06-25,1534774
2436,2019-06-26,1536117
2437,2019-06-27,1537460
2438,2019-06-28,1538803
2439,2019-06-29,1540146
2440,2019-06-30,1541489
2441,2019-07-01,1542832
2442,2019-07-02,1544175
2443,2019-07-03,1545518
2444,2019-07-04,1546861
2445,2019-07-05,1548204
2446,2019-07-06,1549547
2447,2019-07-07,1550890
2448,2019-07-08,1552233
2449,2019-07-09,1553576
2450,2019-07-10,1554919
2451,2019-07-11,1556266
2452,2019-07-12,1557414
2453,2019-07-13,1558341
2454,2019-07-14,1559766
2455,2019-07-15,1560999
2456,2019-07-16,1562407
2457,2019-07-17,1563739
2458,2019-07-18,1564810
2459,2019-07-19,1565907
2460,2019-07-20,1567540
2461,2019-07-21,1569188
2462,2019-07-22,1570554
2463,2019-07-23,1571798
2464,2019-07-24,1572905
2465,2019-07-25,1574081
2466,2019-07-26,1575574
2467,2019-07-27,1576987
2468,2019-07-28,1578382
2469,2019-07-29,1579617
2470,2019-07-30,1580801
2471,2019-07-31,1582294
2472,2019-08-01,1583875
2473,2019-08-02,1585220
2474,2019-08-03,1586669
2475,2019-08-04,1588234
2476,2019-08-05,1589566
2477,2019-08-06,1591889
2478,2019-08-07,1593559
2479,2019-08-08,1594404
2480,2019-08-09,1595993
2481,2019-08-10,1598152
2482,2019-08-11,1600043
2483,2019-08-12,1601476
2484,2019-08-13,1603038
2485,2019-08-14,1604405
2486,2019-08-15,1605729
2487,2019-08-16,1607852
2488,2019-08-17,1610611
2489,2019-08-18,1612645
2490,2019-08-19,1614167
2491,2019-08-20,1615310
2492,2019-08-21,1616468
2493,2019-08-22,1617499
2494,2019-08-23,1619101
2495,2019-08-24,1620664
2496,2019-08-25,1621975
2497,2019-08-26,1623549
2498,2019-08-27,1625011
2499,2019-08-28,1626472
2500,2019-08-29,1628629
2501,2019-08-30,1629780
2502,2019-08-31,1630932
2503,2019-09-01,1632864
2504,2019-09-02,1633889
2505,2019-09-03,1634889
2506,2019-09-04,1635843
2507,2019-09-05,1636861
2508,2019-09-06,1638035
2509,2019-09-07,1639576
2510,2019-09-08,1640744
2511,2019-09-09,1641848
2512,2019-09-10,1643182
2513,2019-09-11,1644409
2514,2019-09-12,1645389
2515,2019-09-13,1646595
2516,2019-09-14,1648674
2517,2019-09-15,1649709
2518,2019-09-16,1650879
2519,2019-09-17,1652400
2520,2019-09-18,1653775
2521,2019-09-19,1654783
2522,2019-09-20,1655790
2523,2019-09-21,1657517
2524,2019-09-22,1658874
2525,2019-09-23,1660148
2526,2019-09-24,1661274
2527,2019-09-25,1662528
2528,2019-09-26,1663362
2529,2019-09-27,1664397
2530,2019-09-28,1665436
2531,2019-09-29,1666560
2532,2019-09-30,1667734
2533,2019-10-01,1669534
2534,2019-10-02,1670801
2535,2019-10-03,1671914
2536,2019-10-04,1673090
2537,2019-10-05,1675004
2538,2019-10-06,1676179
2539,2019-10-07,1677097
2540,2019-10-08,1678013
2541,2019-10-09,1678876
2542,2019-10-10,1679740
2543,2019-10-11,1680729
2544,2019-10-12,1681761
2545,2019-10-13,1682917
2546,2019-10-14,1683899
2547,2019-10-15,1684894
2548,2019-10-16,1685655
2549,2019-10-17,1686443
2550,2019-10-18,1687335
2551,2019-10-19,1688517
2552,2019-10-20,1689691
2553,2019-10-21,1690865
2554,2019-10-22,1692175
2555,2019-10-23,1693386
2556,2019-10-24,1694369
2557,2019-10-25,1695755
2558,2019-10-26,1697441
2559,2019-10-27,1698514
2560,2019-10-28,1699340
2561,2019-10-29,1700476
2562,2019-10-30,1701711
2563,2019-10-31,1702526
2564,2019-11-01,1703800
2565,2019-11-02,1705681
2566,2019-11-03,1707503
2567,2019-11-04,1708536
2568,2019-11-05,1710025
2569,2019-11-06,1711512
2570,2019-11-07,1712598
2571,2019-11-08,1713847
2572,2019-11-09,1715785
2573,2019-11-10,1717120
2574,2019-11-11,1718293
2575,2019-11-12,1719242
2576,2019-11-13,1720139
2577,2019-11-14,1721035
2578,2019-11-15,1722211
2579,2019-11-16,1723117
2580,2019-11-17,1724315
2581,2019-11-18,1725408
2582,2019-11-19,1727773
2583,2019-11-20,1728968
2584,2019-11-21,1729886
2585,2019-11-22,1731104
2586,2019-11-23,1732549
2587,2019-11-24,1733805
2588,2019-11-25,1735044
2589,2019-11-26,1736815
2590,2019-11-27,1738189
2591,2019-11-28,1739556
2592,2019-11-29,1740962
2593,2019-11-30,1742501
2594,2019-12-01,1744356
2595,2019-12-02,1745799
2596,2019-12-03,1747189
2597,2019-12-04,1748663
2598,2019-12-05,1749990
2599,2019-12-06,1752339
2600,2019-12-07,1754290
2601,2019-12-08,1755698
2602,2019-12-09,1757269
2603,2019-12-10,1758668
2604,2019-12-11,1759839
2605,2019-12-12,1760934
2606,2019-12-13,1762230
2607,2019-12-14,1763720
2608,2019-12-15,1765787
2609,2019-12-16,1766963
2610,2019-12-17,1768382
2611,2019-12-18,1769712
2612,2019-12-19,1770982
2613,2019-12-20,1772209
2614,2019-12-21,1773849
2615,2019-12-22,1775412
2616,2019-12-23,1776638
2617,2019-12-24,1778254
2618,2019-12-25,1779623
2619,2019-12-26,1781416
2620,2019-12-27,1783195
2621,2019-12-28,1785407
2622,2019-12-29,1787502
2623,2019-12-30,1788815
2624,2019-12-31,1790653
2625,2020-01-01,1791960
2626,2020-01-02,1793484
2627,2020-01-03,1795053
2628,2020-01-04,1796662
2629,2020-01-05,1798323
2630,2020-01-06,1800024
2631,2020-01-07,1801755
2632,2020-01-08,1803319
2633,2020-01-09,1804522
2634,2020-01-10,1806005
2635,2020-01-11,1807779
2636,2020-01-12,1809283
2637,2020-01-13,1810644
2638,2020-01-14,1812038
2639,2020-01-15,1813344
2640,2020-01-16,1814486
2641,2020-01-17,1816061
2642,2020-01-18,1817901
2643,2020-01-19,1819399
2644,2020-01-20,1820748
2645,2020-01-21,1822322
2646,2020-01-22,1823899
2647,2020-01-23,1825568
2648,2020-01-24,1827096
2649,2020-01-25,1828645
2650,2020-01-26,1829933
2651,2020-01-27,1831515
2652,2020-01-28,1833754
2653,2020-01-29,1835965
2654,2020-01-30,1837419
2655,2020-01-31,1838792
2656,2020-02-01,1841137
2657,2020-02-02,1843105
2658,2020-02-03,1844811
2659,2020-02-04,1846551
2660,2020-02-05,1847990
2661,2020-02-06,1849302
2662,2020-02-07,1850661
2663,2020-02-08,1852343
2664,2020-02-09,1853767
2665,2020-02-10,1855177
2666,2020-02-11,1856575
2667,2020-02-12,1858259
2668,2020-02-13,1860243
2669,2020-02-14,1862734
2670,2020-02-15,1864590
2671,2020-02-16,1866295
2672,2020-02-17,1868526
2673,2020-02-18,1870322
2674,2020-02-19,1872807
2675,2020-02-20,1874032
2676,2020-02-21,1876711
2677,2020-02-22,1878636
2678,2020-02-23,1880476
2679,2020-02-24,1882717
2680,2020-02-25,1885206
2681,2020-02-26,1886997
2682,2020-02-27,1889186
2683,2020-02-28,1891297
2684,2020-02-29,1893609
2685,2020-03-01,1895977
2686,2020-03-02,1897865
2687,2020-03-03,1899935
2688,2020-03-04,1901624
2689,2020-03-05,1903101
2690,2020-03-06,1904631
2691,2020-03-07,1906349
2692,2020-03-07,1909307
2693,2020-03-08,1910267
2694,2020-03-09,1911228
2695,2020-03-10,1912960
2696,2020-03-11,1915077
2697,2020-03-12,1917094
2698,2020-03-13,1918554
2699,2020-03-14,1920085
2700,2020-03-15,1922018
2701,2020-03-16,1923296
2702,2020-03-17,1925119
2703,2020-03-18,1926865
2704,2020-03-19,1928259
2705,2020-03-20,1929897
2706,2020-03-21,1931346
2707,2020-03-22,1932955
2708,2020-03-23,1934417
2709,2020-03-24,1936166
2710,2020-03-25,1937967
2711,2020-03-26,1939706
2712,2020-03-27,1941340
2713,2020-03-28,1943019
2714,2020-03-29,1944601
2715,2020-03-30,1946129
2716,2020-03-31,1947732
2717,2020-04-01,1949113
2718,2020-04-02,1950884
2719,2020-04-03,1952939
2720,2020-04-04,1954453
2721,2020-04-05,1955977
2722,2020-04-06,1957433
2723,2020-04-07,1959518
2724,2020-04-08,1961139
2725,2020-04-09,1962589
2726,2020-04-10,1964023
2727,2020-04-11,1965822
2728,2020-04-12,1967335
2729,2020-04-13,1969015
2730,2020-04-14,1970530
2731,2020-04-15,1972253
2732,2020-04-16,1973277
2733,2020-04-17,1974766
2734,2020-04-18,1976244
2735,2020-04-19,1978091
2736,2020-04-20,1979653
2737,2020-04-21,1980961
2738,2020-04-22,1982925
2739,2020-04-23,1984600
2740,2020-04-24,1986106
2741,2020-04-25,1987567
2742,2020-04-26,1989051
2743,2020-04-27,1990296
2744,2020-04-28,1991713
2745,2020-04-29,1993270
2746,2020-04-30,1994505
2747,2020-05-01,1995962
2748,2020-05-02,1997124
2749,2020-05-03,1998744
2750,2020-05-04,2000520
2751,2020-05-05,2002579
2752,2020-05-06,2004708
2753,2020-05-07,2006410
2754,2020-05-08,2007849
2755,2020-05-09,2009587
2756,2020-05-10,2011657
2757,2020-05-11,2013111
2758,2020-05-12,2014760
2759,2020-05-13,2016208
2760,2020-05-14,2017914
2761,2020-05-15,2020004
2762,2020-05-16,2021684
2763,2020-05-17,2023105
2764,2020-05-18,2025376
2765,2020-05-19,2026739
2766,2020-05-20,2028256
2767,2020-05-21,2030172
2768,2020-05-22,2031803
2769,2020-05-23,2033389
2770,2020-05-24,2034918
2771,2020-05-25,2036869
2772,2020-05-26,2039383
2773,2020-05-27,2041148
2774,2020-05-28,2042620
